Bus_name,Bus_type,Start_time,End_time,Total_duration,Price,Seats_Available,Ratings,Route_name,Route_link
Sri KVR Travels,Non A/C Seater / Sleeper (2+1),23:40,05:00,05h 20m,400,14 Seats available,"3.1
12",Khammam to Hyderabad,https://www.redbus.in/bus-tickets/khammam-to-hyderabad
Bharathi Tours & Travels,Non A/C Seater / Sleeper (2+1),23:40,04:00,04h 20m,441,22 Seats available,"4.5
12",Khammam to Hyderabad,https://www.redbus.in/bus-tickets/khammam-to-hyderabad
Sri Venkateswara Travels,Non A/C Seater / Sleeper (2+1),23:45,06:00,06h 15m,400,21 Seats available,"3.5
11",Khammam to Hyderabad,https://www.redbus.in/bus-tickets/khammam-to-hyderabad
RRR Travels,A/C Sleeper (2+1),23:50,05:30,05h 40m,833,21 Seats available,"4.7
39",Khammam to Hyderabad,https://www.redbus.in/bus-tickets/khammam-to-hyderabad
Naniâ€™s Sai Krishna Travels,Non A/C Seater / Sleeper (2+1),23:59,05:00,05h 01m,500,21 Seats available,"3.6
12",Khammam to Hyderabad,https://www.redbus.in/bus-tickets/khammam-to-hyderabad
BSR Tours And Travels,A/C Seater / Sleeper (2+1),23:59,06:00,06h 01m,580,13 Seats available,"4.7
16",Khammam to Hyderabad,https://www.redbus.in/bus-tickets/khammam-to-hyderabad
Sri Krishna Travels(VGN),Non A/C Seater / Sleeper (2+1),23:59,06:10,06h 11m,500,15 Seats available,"3.1
7",Khammam to Hyderabad,https://www.redbus.in/bus-tickets/khammam-to-hyderabad
Bharathi Tours & Travels,Non A/C Seater / Sleeper (2+1),23:59,05:00,05h 01m,494,16 Seats available,4.5,Khammam to Hyderabad,https://www.redbus.in/bus-tickets/khammam-to-hyderabad
Bharathi Tours & Travels,A/C Sleeper (2+1),23:59,05:00,05h 01m,621,13 Seats available,4.5,Khammam to Hyderabad,https://www.redbus.in/bus-tickets/khammam-to-hyderabad
BSR Tours And Travels,A/C Sleeper (2+1),23:59,06:00,06h 01m,1880,14 Seats available,"4.6
10",Khammam to Hyderabad,https://www.redbus.in/bus-tickets/khammam-to-hyderabad
APSRTC - 2674,"SUPER LUXURY (NON-AC, 2 + 2 PUSH BACK)",17:30,01:20,07h 50m,436,11 Seats available,"2.5
10",Hyderabad to Vijayawada,https://www.redbus.in/bus-tickets/hyderabad-to-vijayawada
APSRTC - 3360,AMARAVATHI (VOLVO / SCANIA A.C Multi Axle),18:25,01:30,07h 05m,670,30 Seats available,"2.6
20",Hyderabad to Vijayawada,https://www.redbus.in/bus-tickets/hyderabad-to-vijayawada
APSRTC - 2575,NIGHT RIDER (SEATER CUM SLEEPER),18:55,01:15,06h 20m,595,24 Seats available,"3.2
21",Hyderabad to Vijayawada,https://www.redbus.in/bus-tickets/hyderabad-to-vijayawada
APSRTC - 4916,"SUPER LUXURY (NON-AC, 2 + 2 PUSH BACK)",19:25,02:15,06h 50m,436,33 Seats available,"3.4
7",Hyderabad to Vijayawada,https://www.redbus.in/bus-tickets/hyderabad-to-vijayawada
APSRTC - 2563,INDRA(A.C. Seater),19:30,01:25,05h 55m,528,24 Seats available,"4.0
7",Hyderabad to Vijayawada,https://www.redbus.in/bus-tickets/hyderabad-to-vijayawada
APSRTC - 2680,VENNELA (A.C. SLEEPER),19:45,02:00,06h 15m,781,6 Seats available,"2.5
12",Hyderabad to Vijayawada,https://www.redbus.in/bus-tickets/hyderabad-to-vijayawada
APSRTC - 2798,INDRA(A.C. Seater),19:55,02:30,06h 35m,528,22 Seats available,"2.3
9",Hyderabad to Vijayawada,https://www.redbus.in/bus-tickets/hyderabad-to-vijayawada
APSRTC - 3622,"SUPER LUXURY (NON-AC, 2 + 2 PUSH BACK)",20:00,03:35,07h 35m,412,6 Seats available,"4.6
75",Hyderabad to Vijayawada,https://www.redbus.in/bus-tickets/hyderabad-to-vijayawada
APSRTC - 2688,"SUPER LUXURY (NON-AC, 2 + 2 PUSH BACK)",20:00,02:45,06h 45m,436,16 Seats available,"3.9
11",Hyderabad to Vijayawada,https://www.redbus.in/bus-tickets/hyderabad-to-vijayawada
APSRTC - 4972,"SUPER LUXURY (NON-AC, 2 + 2 PUSH BACK)",20:10,03:20,07h 10m,436,14 Seats available,"4.4
10",Hyderabad to Vijayawada,https://www.redbus.in/bus-tickets/hyderabad-to-vijayawada
APSRTC - 2549,NIGHT RIDER (SEATER CUM SLEEPER),20:15,02:15,06h 00m,595,35 Seats available,"4.0
14",Hyderabad to Vijayawada,https://www.redbus.in/bus-tickets/hyderabad-to-vijayawada
APSRTC - 4894,"SUPER LUXURY (NON-AC, 2 + 2 PUSH BACK)",20:25,03:00,06h 35m,436,11 Seats available,"4.4
10",Hyderabad to Vijayawada,https://www.redbus.in/bus-tickets/hyderabad-to-vijayawada
APSRTC - 2573,AMARAVATHI (VOLVO / SCANIA A.C Multi Axle),20:25,02:30,06h 05m,670,24 Seats available,"3.3
17",Hyderabad to Vijayawada,https://www.redbus.in/bus-tickets/hyderabad-to-vijayawada
APSRTC - 3971,"SUPER LUXURY (NON-AC, 2 + 2 PUSH BACK)",20:30,03:45,07h 15m,436,7 Seats available,"3.8
20",Hyderabad to Vijayawada,https://www.redbus.in/bus-tickets/hyderabad-to-vijayawada
APSRTC - 24262,"SUPER LUXURY (NON-AC, 2 + 2 PUSH BACK)",20:30,02:00,05h 30m,469,33 Seats available,3.9,Hyderabad to Vijayawada,https://www.redbus.in/bus-tickets/hyderabad-to-vijayawada
FRESHBUS,Electric A/C Seater (2+2),17:15,23:10,05h 55m,349,9 Seats available,"4.7
414",Hyderabad to Vijayawada,https://www.redbus.in/bus-tickets/hyderabad-to-vijayawada
FRESHBUS,Electric A/C Seater (2+2),23:20,05:45,06h 25m,899,15 Seats available,"4.6
506",Hyderabad to Vijayawada,https://www.redbus.in/bus-tickets/hyderabad-to-vijayawada
FRESHBUS,Electric A/C Seater (2+2),22:35,05:05,06h 30m,750,16 Seats available,"4.6
498",Hyderabad to Vijayawada,https://www.redbus.in/bus-tickets/hyderabad-to-vijayawada
AdSai RK Travels,Non A/C Seater / Sleeper (2+1),23:00,04:35,05h 35m,499,22 Seats available,"4.2
55",Hyderabad to Vijayawada,https://www.redbus.in/bus-tickets/hyderabad-to-vijayawada
FRESHBUS,Electric A/C Seater (2+2),23:40,05:55,06h 15m,750,23 Seats available,"4.6
426",Hyderabad to Vijayawada,https://www.redbus.in/bus-tickets/hyderabad-to-vijayawada
Siri Tours and Travels,A/C Seater / Sleeper (2+1),18:30,00:30,06h 00m,670,21 Seats available,"3.0
7",Hyderabad to Khammam,https://www.redbus.in/bus-tickets/hyderabad-to-khammam
Puri Jagannadh Tours And Travels,Non A/C Seater / Sleeper (2+1),19:05,02:30,07h 25m,666,5 Seats available,3.9,Hyderabad to Khammam,https://www.redbus.in/bus-tickets/hyderabad-to-khammam
Sri Krishna Travels,Non A/C Seater / Sleeper (2+1),19:30,23:30,04h 00m,600,20 Seats available,"3.8
9",Hyderabad to Khammam,https://www.redbus.in/bus-tickets/hyderabad-to-khammam
SBS Tours and Travels,Non A/C Seater / Sleeper (2+1),20:30,03:15,06h 45m,666,5 Seats available,4.2,Hyderabad to Khammam,https://www.redbus.in/bus-tickets/hyderabad-to-khammam
KKaveri Travels,NON A/C Sleeper (2+1),20:45,02:30,05h 45m,700,20 Seats available,3.0,Hyderabad to Khammam,https://www.redbus.in/bus-tickets/hyderabad-to-khammam
Gupta Travels Galaxy,NON A/C Seater / Sleeper (2+2),21:00,03:15,06h 15m,600,45 Seats available,"3.8
5",Hyderabad to Khammam,https://www.redbus.in/bus-tickets/hyderabad-to-khammam
Sri KVR Travels,Non A/C Seater / Sleeper (2+1),21:15,03:00,05h 45m,510,9 Seats available,"4.5
15",Hyderabad to Khammam,https://www.redbus.in/bus-tickets/hyderabad-to-khammam
Bharathi Tours & Travels,A/C Sleeper (2+1),21:20,03:45,06h 25m,790,22 Seats available,3.8,Hyderabad to Khammam,https://www.redbus.in/bus-tickets/hyderabad-to-khammam
Bharathi Tours & Travels,Non A/C Seater / Sleeper (2+1),21:20,03:45,06h 25m,494,18 Seats available,"4.7
5",Hyderabad to Khammam,https://www.redbus.in/bus-tickets/hyderabad-to-khammam
Bharathi Tours & Travels,Non A/C Seater / Sleeper (2+1),21:20,03:30,06h 10m,441,22 Seats available,"3.5
14",Hyderabad to Khammam,https://www.redbus.in/bus-tickets/hyderabad-to-khammam
TGSRTC - 9443,Super Luxury (Non AC Seater 2+2 Push Back),16:30,19:50,03h 20m,283,11 Seats available,"3.3
9",Karimnagar to Hyderabad,https://www.redbus.in/bus-tickets/karimnagar-to-hyderabad
TGSRTC - 7465,RAJDHANI (A.C. Semi Sleeper),17:00,20:05,03h 05m,343,9 Seats available,"3.8
15",Karimnagar to Hyderabad,https://www.redbus.in/bus-tickets/karimnagar-to-hyderabad
TGSRTC - 7055,e-SUP LUXURY (2+2),17:10,20:10,03h 00m,283,31 Seats available,"4.5
20",Karimnagar to Hyderabad,https://www.redbus.in/bus-tickets/karimnagar-to-hyderabad
TGSRTC - 7395,Super Luxury (Non AC Seater 2+2 Push Back),17:20,20:20,03h 00m,283,31 Seats available,"4.7
12",Karimnagar to Hyderabad,https://www.redbus.in/bus-tickets/karimnagar-to-hyderabad
TGSRTC - 7808,LAHARI A/C SLEEPER CUM SEATER,17:30,20:25,02h 55m,343,29 Seats available,"4.7
9",Karimnagar to Hyderabad,https://www.redbus.in/bus-tickets/karimnagar-to-hyderabad
TGSRTC - 7057,e-SUP LUXURY (2+2),17:50,20:50,03h 00m,283,36 Seats available,"5.0
4",Karimnagar to Hyderabad,https://www.redbus.in/bus-tickets/karimnagar-to-hyderabad
TGSRTC - 7326,Super Luxury (Non AC Seater 2+2 Push Back),17:55,20:20,02h 25m,283,30 Seats available,"3.8
16",Karimnagar to Hyderabad,https://www.redbus.in/bus-tickets/karimnagar-to-hyderabad
TGSRTC - 7418,Super Luxury (Non AC Seater 2+2 Push Back),18:00,21:05,03h 05m,283,31 Seats available,"2.2
5",Karimnagar to Hyderabad,https://www.redbus.in/bus-tickets/karimnagar-to-hyderabad
TGSRTC - 7810,LAHARI A/C SLEEPER CUM SEATER,18:00,20:55,02h 55m,343,28 Seats available,"4.0
36",Karimnagar to Hyderabad,https://www.redbus.in/bus-tickets/karimnagar-to-hyderabad
TGSRTC - 7059,e-SUP LUXURY (2+2),18:30,21:30,03h 00m,283,36 Seats available,3.8,Karimnagar to Hyderabad,https://www.redbus.in/bus-tickets/karimnagar-to-hyderabad
TGSRTC - 7061,e-SUP LUXURY (2+2),18:50,21:50,03h 00m,283,31 Seats available,"4.1
10",Karimnagar to Hyderabad,https://www.redbus.in/bus-tickets/karimnagar-to-hyderabad
TGSRTC - 7290,LAHARI A/C SLEEPER CUM SEATER,19:00,21:40,02h 40m,343,28 Seats available,"4.1
21",Karimnagar to Hyderabad,https://www.redbus.in/bus-tickets/karimnagar-to-hyderabad
TGSRTC - 7336,Super Luxury (Non AC Seater 2+2 Push Back),19:15,22:15,03h 00m,283,31 Seats available,"2.9
19",Karimnagar to Hyderabad,https://www.redbus.in/bus-tickets/karimnagar-to-hyderabad
TGSRTC - 7063,e-SUP LUXURY (2+2),19:30,22:30,03h 00m,283,37 Seats available,3.8,Karimnagar to Hyderabad,https://www.redbus.in/bus-tickets/karimnagar-to-hyderabad
TGSRTC - 7382,RAJDHANI (A.C. Semi Sleeper),20:00,22:50,02h 50m,343,27 Seats available,"3.9
13",Karimnagar to Hyderabad,https://www.redbus.in/bus-tickets/karimnagar-to-hyderabad
TGSRTC - 7065,e-SUP LUXURY (2+2),20:10,23:10,03h 00m,283,33 Seats available,3.8,Karimnagar to Hyderabad,https://www.redbus.in/bus-tickets/karimnagar-to-hyderabad
TGSRTC - 7302,Super Luxury (Non AC Seater 2+2 Push Back),20:40,00:35,03h 55m,283,31 Seats available,"3.5
11",Karimnagar to Hyderabad,https://www.redbus.in/bus-tickets/karimnagar-to-hyderabad
TGSRTC - 7067,e-SUP LUXURY (2+2),20:50,23:50,03h 00m,283,31 Seats available,"3.1
14",Karimnagar to Hyderabad,https://www.redbus.in/bus-tickets/karimnagar-to-hyderabad
TGSRTC - 7345,Super Luxury (Non AC Seater 2+2 Push Back),21:05,00:10,03h 05m,283,30 Seats available,"4.6
13",Karimnagar to Hyderabad,https://www.redbus.in/bus-tickets/karimnagar-to-hyderabad
TGSRTC - 7396,Super Luxury (Non AC Seater 2+2 Push Back),21:30,00:30,03h 00m,283,31 Seats available,"3.9
19",Karimnagar to Hyderabad,https://www.redbus.in/bus-tickets/karimnagar-to-hyderabad
Orange Tours And Travels,Scania AC Multi Axle Sleeper (2+1),18:15,21:40,03h 25m,500,20 Seats available,"3.5
10",Karimnagar to Hyderabad,https://www.redbus.in/bus-tickets/karimnagar-to-hyderabad
Morning Star Travels,Volvo Multi Axle B9R A/C Sleeper (2+1),18:00,21:55,03h 55m,600,18 Seats available,2.7,Karimnagar to Hyderabad,https://www.redbus.in/bus-tickets/karimnagar-to-hyderabad
IRA Travels,A/C Sleeper (2+1),18:30,21:45,03h 15m,800,9 Seats available,4.0,Karimnagar to Hyderabad,https://www.redbus.in/bus-tickets/karimnagar-to-hyderabad
TGSRTC - 1135,Lahari Non A/C Sleeper Cum Seater,16:30,00:20,07h 50m,533,42 Seats available,"2.7
11",Hyderabad to Adilabad,https://www.redbus.in/bus-tickets/hyderabad-to-adilabad
TGSRTC - 2611,Lahari Non A/C Sleeper Cum Seater,16:45,22:40,05h 55m,504,40 Seats available,"2.8
20",Hyderabad to Adilabad,https://www.redbus.in/bus-tickets/hyderabad-to-adilabad
TGSRTC - 1947,Rajdhani (AC Semi Sleeper 2+2),17:15,22:45,05h 30m,611,28 Seats available,"1.3
11",Hyderabad to Adilabad,https://www.redbus.in/bus-tickets/hyderabad-to-adilabad
TGSRTC - 7920,Super Luxury (Non AC Seater 2+2 Push Back),17:20,23:50,06h 30m,504,29 Seats available,"3.1
8",Hyderabad to Adilabad,https://www.redbus.in/bus-tickets/hyderabad-to-adilabad
TGSRTC - 1155,Lahari Non A/C Sleeper Cum Seater,17:30,01:20,07h 50m,533,41 Seats available,"1.6
6",Hyderabad to Adilabad,https://www.redbus.in/bus-tickets/hyderabad-to-adilabad
TGSRTC - 7936,Super Luxury (Non AC Seater 2+2 Push Back),18:50,02:20,07h 30m,504,31 Seats available,"1.7
8",Hyderabad to Adilabad,https://www.redbus.in/bus-tickets/hyderabad-to-adilabad
TGSRTC - 7902,Super Luxury (Non AC Seater 2+2 Push Back),19:40,03:10,07h 30m,504,30 Seats available,"4.9
12",Hyderabad to Adilabad,https://www.redbus.in/bus-tickets/hyderabad-to-adilabad
TGSRTC - 7908,Super Luxury (Non AC Seater 2+2 Push Back),20:30,04:00,07h 30m,504,27 Seats available,"3.6
32",Hyderabad to Adilabad,https://www.redbus.in/bus-tickets/hyderabad-to-adilabad
TGSRTC - 7906,Lahari Non A/C Sleeper Cum Seater,21:30,05:00,07h 30m,504,37 Seats available,"4.6
73",Hyderabad to Adilabad,https://www.redbus.in/bus-tickets/hyderabad-to-adilabad
TGSRTC - 7912,Super Luxury (Non AC Seater 2+2 Push Back),21:50,05:20,07h 30m,504,23 Seats available,"3.8
58",Hyderabad to Adilabad,https://www.redbus.in/bus-tickets/hyderabad-to-adilabad
TGSRTC - 1966,Rajdhani (AC Semi Sleeper 2+2),22:00,05:15,07h 15m,611,29 Seats available,"4.2
46",Hyderabad to Adilabad,https://www.redbus.in/bus-tickets/hyderabad-to-adilabad
TGSRTC - 7961,LAHARI A/C SLEEPER CUM SEATER,22:30,06:00,07h 30m,611,32 Seats available,"4.1
81",Hyderabad to Adilabad,https://www.redbus.in/bus-tickets/hyderabad-to-adilabad
TGSRTC - 7914,Super Luxury (Non AC Seater 2+2 Push Back),23:15,06:45,07h 30m,504,23 Seats available,"3.8
50",Hyderabad to Adilabad,https://www.redbus.in/bus-tickets/hyderabad-to-adilabad
Sahara Tours and Travels,Non AC Seater (2+2),22:00,04:30,06h 30m,399,12 Seats available,"4.1
97",Hyderabad to Adilabad,https://www.redbus.in/bus-tickets/hyderabad-to-adilabad
Orange Tours And Travels,Volvo Multi-Axle A/C Semi Sleeper (2+2),18:00,23:15,05h 15m,550,19 Seats available,"3.8
304",Hyderabad to Adilabad,https://www.redbus.in/bus-tickets/hyderabad-to-adilabad
Sahara Tours and Travels,Bharat Benz A/C Seater (2+2),18:00,23:15,05h 15m,300,22 Seats available,"3.5
256",Hyderabad to Adilabad,https://www.redbus.in/bus-tickets/hyderabad-to-adilabad
New Galaxy Travels,A/C Sleeper (2+1),22:15,04:00,05h 45m,540,17 Seats available,"4.1
163",Hyderabad to Adilabad,https://www.redbus.in/bus-tickets/hyderabad-to-adilabad
GDR Tours and Travels,Bharat Benz A/C Seater (2+2),17:30,22:45,05h 15m,300,23 Seats available,"3.3
319",Hyderabad to Adilabad,https://www.redbus.in/bus-tickets/hyderabad-to-adilabad
TGSRTC - 6914,Super Luxury (Non AC Seater 2+2 Push Back),16:50,23:05,06h 15m,451,30 Seats available,"3.5
9",Kothagudem to Hyderabad,https://www.redbus.in/bus-tickets/kothagudem-to-hyderabad
TGSRTC - 6631,Super Luxury (Non AC Seater 2+2 Push Back),20:30,03:30,07h 00m,470,30 Seats available,3.7,Kothagudem to Hyderabad,https://www.redbus.in/bus-tickets/kothagudem-to-hyderabad
TGSRTC - 1224,Deluxe (Non AC Seater 2+2),20:45,04:30,07h 45m,392,37 Seats available,3.7,Kothagudem to Hyderabad,https://www.redbus.in/bus-tickets/kothagudem-to-hyderabad
TGSRTC - 8925,Super Luxury (Non AC Seater 2+2 Push Back),21:30,04:30,07h 00m,497,28 Seats available,"4.5
10",Kothagudem to Hyderabad,https://www.redbus.in/bus-tickets/kothagudem-to-hyderabad
TGSRTC - 8718,Super Luxury (Non AC Seater 2+2 Push Back),21:45,03:45,06h 00m,451,31 Seats available,"4.3
15",Kothagudem to Hyderabad,https://www.redbus.in/bus-tickets/kothagudem-to-hyderabad
TGSRTC - 8797,Rajdhani (AC Semi Sleeper 2+2),21:55,03:55,06h 00m,548,28 Seats available,"2.2
7",Kothagudem to Hyderabad,https://www.redbus.in/bus-tickets/kothagudem-to-hyderabad
TGSRTC - 7646,Super Luxury (Non AC Seater 2+2 Push Back),22:00,04:00,06h 00m,451,18 Seats available,"4.7
14",Kothagudem to Hyderabad,https://www.redbus.in/bus-tickets/kothagudem-to-hyderabad
TGSRTC - 1323,LAHARI A/C SLEEPER CUM SEATER,22:05,03:30,05h 25m,548,34 Seats available,"3.5
27",Kothagudem to Hyderabad,https://www.redbus.in/bus-tickets/kothagudem-to-hyderabad
TGSRTC - 9998,Lahari Non A/C Sleeper Cum Seater,22:10,04:20,06h 10m,451,24 Seats available,"4.2
48",Kothagudem to Hyderabad,https://www.redbus.in/bus-tickets/kothagudem-to-hyderabad
TGSRTC - 8874,Super Luxury (Non AC Seater 2+2 Push Back),22:15,04:20,06h 05m,451,31 Seats available,"4.6
15",Kothagudem to Hyderabad,https://www.redbus.in/bus-tickets/kothagudem-to-hyderabad
TGSRTC - 8935,Super Luxury (Non AC Seater 2+2 Push Back),22:20,04:10,05h 50m,451,20 Seats available,3.7,Kothagudem to Hyderabad,https://www.redbus.in/bus-tickets/kothagudem-to-hyderabad
TGSRTC - 8734,Super Luxury (Non AC Seater 2+2 Push Back),22:30,05:00,06h 30m,451,25 Seats available,"4.4
18",Kothagudem to Hyderabad,https://www.redbus.in/bus-tickets/kothagudem-to-hyderabad
TGSRTC - 8714,Super Luxury (Non AC Seater 2+2 Push Back),22:45,05:00,06h 15m,451,25 Seats available,3.7,Kothagudem to Hyderabad,https://www.redbus.in/bus-tickets/kothagudem-to-hyderabad
TGSRTC - 34333,LAHARI A/C SLEEPER CUM SEATER,23:05,05:00,05h 55m,548,32 Seats available,"4.5
10",Kothagudem to Hyderabad,https://www.redbus.in/bus-tickets/kothagudem-to-hyderabad
TGSRTC - 8742,Super Luxury (Non AC Seater 2+2 Push Back),23:15,05:45,06h 30m,451,29 Seats available,"3.7
18",Kothagudem to Hyderabad,https://www.redbus.in/bus-tickets/kothagudem-to-hyderabad
BSR Tours And Travels,A/C Seater / Sleeper (2+1),23:15,06:00,06h 45m,580,14 Seats available,"4.8
99",Kothagudem to Hyderabad,https://www.redbus.in/bus-tickets/kothagudem-to-hyderabad
BSR Tours And Travels,A/C Sleeper (2+1),23:30,06:00,06h 30m,780,8 Seats available,"4.6
146",Kothagudem to Hyderabad,https://www.redbus.in/bus-tickets/kothagudem-to-hyderabad
Bharathi Tours & Travels,Non A/C Seater / Sleeper (2+1),23:10,05:00,05h 50m,494,16 Seats available,"4.4
62",Kothagudem to Hyderabad,https://www.redbus.in/bus-tickets/kothagudem-to-hyderabad
Bharathi Tours & Travels,A/C Sleeper (2+1),23:25,05:00,05h 35m,621,13 Seats available,"4.6
32",Kothagudem to Hyderabad,https://www.redbus.in/bus-tickets/kothagudem-to-hyderabad
VSR Tours and Travels,A/C Sleeper (2+1),23:30,06:00,06h 30m,584,11 Seats available,"4.8
22",Kothagudem to Hyderabad,https://www.redbus.in/bus-tickets/kothagudem-to-hyderabad
APSRTC - 4256,"SUPER LUXURY (NON-AC, 2 + 2 PUSH BACK)",20:30,02:45,06h 15m,451,34 Seats available,"3.7
21",Guntur (Andhra Pradesh) to Hyderabad,https://www.redbus.in/bus-tickets/guntur-to-hyderabad
APSRTC - 4737,"SUPER LUXURY (NON-AC, 2 + 2 PUSH BACK)",21:00,02:40,05h 40m,483,30 Seats available,"3.6
22",Guntur (Andhra Pradesh) to Hyderabad,https://www.redbus.in/bus-tickets/guntur-to-hyderabad
APSRTC - 4250,"SUPER LUXURY (NON-AC, 2 + 2 PUSH BACK)",21:15,03:02,05h 47m,483,31 Seats available,"3.8
31",Guntur (Andhra Pradesh) to Hyderabad,https://www.redbus.in/bus-tickets/guntur-to-hyderabad
APSRTC - 4620,"SUPER LUXURY (NON-AC, 2 + 2 PUSH BACK)",21:45,03:30,05h 45m,483,28 Seats available,"3.5
14",Guntur (Andhra Pradesh) to Hyderabad,https://www.redbus.in/bus-tickets/guntur-to-hyderabad
APSRTC - 4198,INDRA(A.C. Seater),22:00,03:20,05h 20m,585,33 Seats available,"4.3
129",Guntur (Andhra Pradesh) to Hyderabad,https://www.redbus.in/bus-tickets/guntur-to-hyderabad
APSRTC - 4252,"SUPER LUXURY (NON-AC, 2 + 2 PUSH BACK)",22:05,04:00,05h 55m,483,26 Seats available,"3.6
49",Guntur (Andhra Pradesh) to Hyderabad,https://www.redbus.in/bus-tickets/guntur-to-hyderabad
APSRTC - 4611,"SUPER LUXURY (NON-AC, 2 + 2 PUSH BACK)",22:15,04:00,05h 45m,483,26 Seats available,"4.1
51",Guntur (Andhra Pradesh) to Hyderabad,https://www.redbus.in/bus-tickets/guntur-to-hyderabad
APSRTC - 4178,AMARAVATHI (VOLVO / SCANIA A.C Multi Axle),22:15,04:16,06h 01m,817,33 Seats available,"4.2
54",Guntur (Andhra Pradesh) to Hyderabad,https://www.redbus.in/bus-tickets/guntur-to-hyderabad
APSRTC - 4628,"SUPER LUXURY (NON-AC, 2 + 2 PUSH BACK)",22:30,04:30,06h 00m,483,16 Seats available,"4.0
33",Guntur (Andhra Pradesh) to Hyderabad,https://www.redbus.in/bus-tickets/guntur-to-hyderabad
APSRTC - 4214,AMARAVATHI (VOLVO / SCANIA A.C Multi Axle),22:30,03:05,04h 35m,743,46 Seats available,"3.8
86",Guntur (Andhra Pradesh) to Hyderabad,https://www.redbus.in/bus-tickets/guntur-to-hyderabad
APSRTC - 4212,STAR LINER(NON-AC SLEEPER 2+1),22:40,04:00,05h 20m,626,18 Seats available,"4.2
49",Guntur (Andhra Pradesh) to Hyderabad,https://www.redbus.in/bus-tickets/guntur-to-hyderabad
APSRTC - 4154,INDRA(A.C. Seater),22:45,04:25,05h 40m,585,32 Seats available,"4.2
112",Guntur (Andhra Pradesh) to Hyderabad,https://www.redbus.in/bus-tickets/guntur-to-hyderabad
APSRTC - 4216,"SUPER LUXURY (NON-AC, 2 + 2 PUSH BACK)",22:50,04:48,05h 58m,483,16 Seats available,"4.2
52",Guntur (Andhra Pradesh) to Hyderabad,https://www.redbus.in/bus-tickets/guntur-to-hyderabad
APSRTC - 4196,"SUPER LUXURY (NON-AC, 2 + 2 PUSH BACK)",23:00,04:58,05h 58m,483,20 Seats available,"4.0
95",Guntur (Andhra Pradesh) to Hyderabad,https://www.redbus.in/bus-tickets/guntur-to-hyderabad
APSRTC - 4622,STAR LINER(NON-AC SLEEPER 2+1),23:30,04:20,04h 50m,626,20 Seats available,"4.2
86",Guntur (Andhra Pradesh) to Hyderabad,https://www.redbus.in/bus-tickets/guntur-to-hyderabad
V Kaveri Travels,Non A/C Seater / Sleeper (2+1),23:00,06:00,07h 00m,450,22 Seats available,"4.1
134",Guntur (Andhra Pradesh) to Hyderabad,https://www.redbus.in/bus-tickets/guntur-to-hyderabad
NueGo,Electric A/C Seater (2+2),22:15,05:25,07h 10m,337,10 Seats available,"4.0
328",Guntur (Andhra Pradesh) to Hyderabad,https://www.redbus.in/bus-tickets/guntur-to-hyderabad
IntrCity SmartBus,A/C Seater / Sleeper (2+1),22:45,05:45,07h 00m,509,16 Seats available,"4.6
415",Guntur (Andhra Pradesh) to Hyderabad,https://www.redbus.in/bus-tickets/guntur-to-hyderabad
AdIntrCity SmartBus,Scania AC Multi Axle Sleeper (2+1),22:15,06:00,07h 45m,829,15 Seats available,"4.7
373",Guntur (Andhra Pradesh) to Hyderabad,https://www.redbus.in/bus-tickets/guntur-to-hyderabad
Svkdt travels,A/C Sleeper (2+1),22:20,05:35,07h 15m,620,14 Seats available,"4.3
300",Guntur (Andhra Pradesh) to Hyderabad,https://www.redbus.in/bus-tickets/guntur-to-hyderabad
TGSRTC - 7248,Super Luxury (Non AC Seater 2+2 Push Back),16:30,21:15,04h 45m,392,31 Seats available,"2.5
9",Godavarikhani to Hyderabad,https://www.redbus.in/bus-tickets/godavarikhani-to-hyderabad
TGSRTC - 9512,RAJDHANI (A.C. Semi Sleeper),17:30,04:15,10h 45m,502,34 Seats available,"3.7
18",Godavarikhani to Hyderabad,https://www.redbus.in/bus-tickets/godavarikhani-to-hyderabad
TGSRTC - 7290,LAHARI A/C SLEEPER CUM SEATER,17:30,21:40,04h 10m,476,29 Seats available,"4.2
21",Godavarikhani to Hyderabad,https://www.redbus.in/bus-tickets/godavarikhani-to-hyderabad
TGSRTC - 7100,Super Luxury (Non AC Seater 2+2 Push Back),21:00,02:00,05h 00m,392,27 Seats available,"4.4
23",Godavarikhani to Hyderabad,https://www.redbus.in/bus-tickets/godavarikhani-to-hyderabad
TGSRTC - 7266,Super Luxury (Non AC Seater 2+2 Push Back),22:30,03:20,04h 50m,392,29 Seats available,"4.4
27",Godavarikhani to Hyderabad,https://www.redbus.in/bus-tickets/godavarikhani-to-hyderabad
TGSRTC - 7190,Super Luxury (Non AC Seater 2+2 Push Back),23:00,03:45,04h 45m,392,30 Seats available,"3.9
20",Godavarikhani to Hyderabad,https://www.redbus.in/bus-tickets/godavarikhani-to-hyderabad
TGSRTC - 7192,Super Luxury (Non AC Seater 2+2 Push Back),23:30,04:20,04h 50m,392,28 Seats available,"4.3
44",Godavarikhani to Hyderabad,https://www.redbus.in/bus-tickets/godavarikhani-to-hyderabad
TGSRTC - 9508,Rajdhani (AC Semi Sleeper 2+2),23:45,04:35,04h 50m,476,28 Seats available,"4.4
45",Godavarikhani to Hyderabad,https://www.redbus.in/bus-tickets/godavarikhani-to-hyderabad
Morning Star Travels,Volvo Multi Axle B9R A/C Sleeper (2+1),16:30,21:55,05h 25m,600,17 Seats available,2.7,Godavarikhani to Hyderabad,https://www.redbus.in/bus-tickets/godavarikhani-to-hyderabad
Orange Tours And Travels,Scania AC Multi Axle Sleeper (2+1),17:00,21:40,04h 40m,600,20 Seats available,"2.9
18",Godavarikhani to Hyderabad,https://www.redbus.in/bus-tickets/godavarikhani-to-hyderabad
TGSRTC - 40331,Super Luxury (Non AC Seater 2+2 Push Back),16:45,19:45,03h 00m,289,33 Seats available,"3.0
12",Kodad to Hyderabad,https://www.redbus.in/bus-tickets/kodad-to-hyderabad
TGSRTC - 40531,Super Luxury (Non AC Seater 2+2 Push Back),17:25,20:25,03h 00m,289,33 Seats available,"3.4
6",Kodad to Hyderabad,https://www.redbus.in/bus-tickets/kodad-to-hyderabad
TGSRTC - 40731,Super Luxury (Non AC Seater 2+2 Push Back),18:05,21:05,03h 00m,289,33 Seats available,"4.1
7",Kodad to Hyderabad,https://www.redbus.in/bus-tickets/kodad-to-hyderabad
TGSRTC - 4076,Rajdhani (AC Semi Sleeper 2+2),18:50,21:30,02h 40m,351,31 Seats available,"2.9
15",Kodad to Hyderabad,https://www.redbus.in/bus-tickets/kodad-to-hyderabad
TGSRTC - 40931,Super Luxury (Non AC Seater 2+2 Push Back),19:10,22:10,03h 00m,289,33 Seats available,"1.8
4",Kodad to Hyderabad,https://www.redbus.in/bus-tickets/kodad-to-hyderabad
TGSRTC - 40110,Super Luxury (Non AC Seater 2+2 Push Back),19:40,22:15,02h 35m,289,33 Seats available,"4.2
15",Kodad to Hyderabad,https://www.redbus.in/bus-tickets/kodad-to-hyderabad
TGSRTC - 2991,RAJDHANI (A.C. Semi Sleeper),19:55,22:55,03h 00m,351,37 Seats available,"2.6
20",Kodad to Hyderabad,https://www.redbus.in/bus-tickets/kodad-to-hyderabad
TGSRTC - 40310,Super Luxury (Non AC Seater 2+2 Push Back),20:10,22:50,02h 40m,289,32 Seats available,"3.0
10",Kodad to Hyderabad,https://www.redbus.in/bus-tickets/kodad-to-hyderabad
TGSRTC - 40710,Super Luxury (Non AC Seater 2+2 Push Back),20:40,00:10,03h 30m,289,33 Seats available,"2.8
8",Kodad to Hyderabad,https://www.redbus.in/bus-tickets/kodad-to-hyderabad
TGSRTC - 5966,Rajdhani (AC Semi Sleeper 2+2),21:10,23:50,02h 40m,351,36 Seats available,"1.5
12",Kodad to Hyderabad,https://www.redbus.in/bus-tickets/kodad-to-hyderabad
TGSRTC - 41131,Super Luxury (Non AC Seater 2+2 Push Back),21:25,00:25,03h 00m,289,33 Seats available,"3.1
8",Kodad to Hyderabad,https://www.redbus.in/bus-tickets/kodad-to-hyderabad
TGSRTC - 1102,RAJDHANI (A.C. Semi Sleeper),21:35,00:10,02h 35m,351,37 Seats available,"2.2
16",Kodad to Hyderabad,https://www.redbus.in/bus-tickets/kodad-to-hyderabad
TGSRTC - 41162,Super Luxury (Non AC Seater 2+2 Push Back),21:45,00:45,03h 00m,289,33 Seats available,"4.3
8",Kodad to Hyderabad,https://www.redbus.in/bus-tickets/kodad-to-hyderabad
TGSRTC - 30710,RAJDHANI (A.C. Semi Sleeper),21:55,00:35,02h 40m,351,37 Seats available,"2.6
14",Kodad to Hyderabad,https://www.redbus.in/bus-tickets/kodad-to-hyderabad
TGSRTC - 41362,Super Luxury (Non AC Seater 2+2 Push Back),22:05,01:05,03h 00m,289,33 Seats available,"3.2
12",Kodad to Hyderabad,https://www.redbus.in/bus-tickets/kodad-to-hyderabad
TGSRTC - 30510,RAJDHANI (A.C. Semi Sleeper),22:10,00:50,02h 40m,351,36 Seats available,3.2,Kodad to Hyderabad,https://www.redbus.in/bus-tickets/kodad-to-hyderabad
TGSRTC - 41562,Super Luxury (Non AC Seater 2+2 Push Back),22:40,01:50,03h 10m,289,33 Seats available,"4.0
18",Kodad to Hyderabad,https://www.redbus.in/bus-tickets/kodad-to-hyderabad
TGSRTC - 41762,Super Luxury (Non AC Seater 2+2 Push Back),22:40,01:40,03h 00m,289,33 Seats available,"2.5
7",Kodad to Hyderabad,https://www.redbus.in/bus-tickets/kodad-to-hyderabad
TGSRTC - 1464,RAJDHANI (A.C. Semi Sleeper),22:45,01:25,02h 40m,351,37 Seats available,"3.7
15",Kodad to Hyderabad,https://www.redbus.in/bus-tickets/kodad-to-hyderabad
TGSRTC - 41531,Super Luxury (Non AC Seater 2+2 Push Back),23:00,01:45,02h 45m,289,33 Seats available,"4.7
9",Kodad to Hyderabad,https://www.redbus.in/bus-tickets/kodad-to-hyderabad
APSRTC - 3793,"SUPER LUXURY (NON-AC, 2 + 2 PUSH BACK)",23:40,02:45,03h 05m,318,31 Seats available,"3.3
8",Kodad to Hyderabad,https://www.redbus.in/bus-tickets/kodad-to-hyderabad
NueGo,Electric A/C Seater (2+2),16:45,20:35,03h 50m,332,5 Seats available,"3.3
4",Kodad to Hyderabad,https://www.redbus.in/bus-tickets/kodad-to-hyderabad
YNR Travels,A/C Sleeper (2+1),19:00,22:25,03h 25m,532,21 Seats available,3.4,Kodad to Hyderabad,https://www.redbus.in/bus-tickets/kodad-to-hyderabad
Shri Ganesh Travels (LR SIYOL),A/C Seater / Sleeper (2+1),17:30,21:50,04h 20m,500,20 Seats available,2.7,Kodad to Hyderabad,https://www.redbus.in/bus-tickets/kodad-to-hyderabad
NueGo,Electric A/C Seater (2+2),18:20,22:10,03h 50m,332,5 Seats available,"2.4
12",Kodad to Hyderabad,https://www.redbus.in/bus-tickets/kodad-to-hyderabad
VV Vinayak Travels,Non A/C Seater / Sleeper (2+1),22:35,06:15,07h 40m,501,19 Seats available,"4.0
87",Hyderabad to Ongole,https://www.redbus.in/bus-tickets/hyderabad-to-ongole
Vikram Travels,A/C Seater / Sleeper (2+1),21:55,05:30,07h 35m,673,23 Seats available,"4.5
69",Hyderabad to Ongole,https://www.redbus.in/bus-tickets/hyderabad-to-ongole
Chandu Travels,A/C Seater / Sleeper (2+1),22:00,05:45,07h 45m,532,26 Seats available,"4.0
183",Hyderabad to Ongole,https://www.redbus.in/bus-tickets/hyderabad-to-ongole
Kamakshi Tours And Travels,Non A/C Seater / Sleeper (2+1),21:30,06:00,08h 30m,550,10 Seats available,"4.4
287",Hyderabad to Ongole,https://www.redbus.in/bus-tickets/hyderabad-to-ongole
Kaveri Travels,NON AC Seater / Sleeper 2+1,21:00,05:45,08h 45m,500,18 Seats available,"4.1
54",Hyderabad to Ongole,https://www.redbus.in/bus-tickets/hyderabad-to-ongole
Sri Vengamamba Bus Transport (SVBT),A/C Seater / Sleeper (2+1),21:45,06:15,08h 30m,750,15 Seats available,"4.5
271",Hyderabad to Ongole,https://www.redbus.in/bus-tickets/hyderabad-to-ongole
Pspk Bus,Non A/C Seater / Sleeper (2+1),21:30,06:30,09h 00m,479,10 Seats available,"4.3
33",Hyderabad to Ongole,https://www.redbus.in/bus-tickets/hyderabad-to-ongole
V Kaveri Travels,Volvo Multi-Axle A/C Sleeper (2+1),21:30,05:45,08h 15m,1160,13 Seats available,"4.3
244",Hyderabad to Ongole,https://www.redbus.in/bus-tickets/hyderabad-to-ongole
Sri Vengamamba Bus Transport (SVBT),A/C Sleeper (2+1),21:40,06:15,08h 35m,763,7 Seats available,"4.3
296",Hyderabad to Ongole,https://www.redbus.in/bus-tickets/hyderabad-to-ongole
LUCKY TRAVELS,A/C Sleeper (2+1),22:45,06:05,07h 20m,799,14 Seats available,"4.7
27",Hyderabad to Ongole,https://www.redbus.in/bus-tickets/hyderabad-to-ongole
TGSRTC - 7418,Super Luxury (Non AC Seater 2+2 Push Back),16:40,21:05,04h 25m,365,29 Seats available,"2.4
12",Jagityal to Hyderabad,https://www.redbus.in/bus-tickets/jagityal-to-hyderabad
TGSRTC - 7382,RAJDHANI (A.C. Semi Sleeper),18:15,22:50,04h 35m,442,27 Seats available,"4.2
15",Jagityal to Hyderabad,https://www.redbus.in/bus-tickets/jagityal-to-hyderabad
TGSRTC - 7302,Super Luxury (Non AC Seater 2+2 Push Back),19:15,00:35,05h 20m,365,31 Seats available,"4.1
10",Jagityal to Hyderabad,https://www.redbus.in/bus-tickets/jagityal-to-hyderabad
TGSRTC - 7345,Super Luxury (Non AC Seater 2+2 Push Back),19:45,00:10,04h 25m,365,31 Seats available,"4.8
9",Jagityal to Hyderabad,https://www.redbus.in/bus-tickets/jagityal-to-hyderabad
TGSRTC - 7355,Super Luxury (Non AC Seater 2+2 Push Back),20:00,00:50,04h 50m,365,29 Seats available,"1.8
12",Jagityal to Hyderabad,https://www.redbus.in/bus-tickets/jagityal-to-hyderabad
TGSRTC - 7527,Super Luxury (Non AC Seater 2+2 Push Back),21:15,01:45,04h 30m,365,27 Seats available,"3.6
5",Jagityal to Hyderabad,https://www.redbus.in/bus-tickets/jagityal-to-hyderabad
TGSRTC - 7384,RAJDHANI (A.C. Semi Sleeper),22:00,02:45,04h 45m,442,23 Seats available,"4.1
10",Jagityal to Hyderabad,https://www.redbus.in/bus-tickets/jagityal-to-hyderabad
TGSRTC - 7359,Super Luxury (Non AC Seater 2+2 Push Back),22:55,03:15,04h 20m,365,31 Seats available,"4.6
26",Jagityal to Hyderabad,https://www.redbus.in/bus-tickets/jagityal-to-hyderabad
TGSRTC - 7375,Super Luxury (Non AC Seater 2+2 Push Back),23:59,04:55,04h 56m,366,23 Seats available,"4.5
43",Jagityal to Hyderabad,https://www.redbus.in/bus-tickets/jagityal-to-hyderabad
SLVR Travels,Non A/C Seater / Sleeper (2+1),17:30,23:35,06h 05m,441,18 Seats available,3.4,Jagityal to Hyderabad,https://www.redbus.in/bus-tickets/jagityal-to-hyderabad
Harikrishna Travels,Non A/C Seater / Sleeper (2+1),17:25,23:00,05h 35m,750,15 Seats available,2.9,Jagityal to Hyderabad,https://www.redbus.in/bus-tickets/jagityal-to-hyderabad
Harikrishna Travels,Non A/C Seater / Sleeper (2+1),17:30,23:55,06h 25m,750,18 Seats available,2.9,Jagityal to Hyderabad,https://www.redbus.in/bus-tickets/jagityal-to-hyderabad
Anish Travels,NON A/C Sleeper (2+1),17:30,23:00,05h 30m,3000,30 Seats available,3.2,Jagityal to Hyderabad,https://www.redbus.in/bus-tickets/jagityal-to-hyderabad
Harikrishna Travels,Volvo AC Seater (2+2),17:30,23:59,06h 29m,900,49 Seats available,2.9,Jagityal to Hyderabad,https://www.redbus.in/bus-tickets/jagityal-to-hyderabad
TGSRTC - 7894,Super Luxury (Non AC Seater 2+2 Push Back),16:35,20:55,04h 20m,376,23 Seats available,"2.9
8",Hyderabad to Nirmal,https://www.redbus.in/bus-tickets/hyderabad-to-nirmal
TGSRTC - 7998,Super Luxury (Non AC Seater 2+2 Push Back),16:50,21:30,04h 40m,376,31 Seats available,"2.5
12",Hyderabad to Nirmal,https://www.redbus.in/bus-tickets/hyderabad-to-nirmal
TGSRTC - 1947,Rajdhani (AC Semi Sleeper 2+2),17:15,21:20,04h 05m,456,28 Seats available,"2.2
24",Hyderabad to Nirmal,https://www.redbus.in/bus-tickets/hyderabad-to-nirmal
TGSRTC - 7920,Super Luxury (Non AC Seater 2+2 Push Back),17:20,22:00,04h 40m,376,31 Seats available,"3.0
18",Hyderabad to Nirmal,https://www.redbus.in/bus-tickets/hyderabad-to-nirmal
TGSRTC - 1155,Lahari Non A/C Sleeper Cum Seater,17:30,23:40,06h 10m,407,36 Seats available,"2.2
13",Hyderabad to Nirmal,https://www.redbus.in/bus-tickets/hyderabad-to-nirmal
TGSRTC - 9453,Super Luxury (Non AC Seater 2+2 Push Back),18:00,23:40,05h 40m,376,31 Seats available,"3.3
17",Hyderabad to Nirmal,https://www.redbus.in/bus-tickets/hyderabad-to-nirmal
TGSRTC - 8009,RAJDHANI (A.C. Semi Sleeper),18:00,22:40,04h 40m,456,32 Seats available,"2.0
14",Hyderabad to Nirmal,https://www.redbus.in/bus-tickets/hyderabad-to-nirmal
TGSRTC - 8113,Super Luxury (Non AC Seater 2+2 Push Back),18:30,23:10,04h 40m,376,29 Seats available,"3.9
27",Hyderabad to Nirmal,https://www.redbus.in/bus-tickets/hyderabad-to-nirmal
TGSRTC - 7936,Super Luxury (Non AC Seater 2+2 Push Back),18:50,00:30,05h 40m,376,31 Seats available,"3.3
14",Hyderabad to Nirmal,https://www.redbus.in/bus-tickets/hyderabad-to-nirmal
TGSRTC - 7891,Super Luxury (Non AC Seater 2+2 Push Back),19:15,00:55,05h 40m,376,31 Seats available,"4.2
4",Hyderabad to Nirmal,https://www.redbus.in/bus-tickets/hyderabad-to-nirmal
TGSRTC - 7902,Super Luxury (Non AC Seater 2+2 Push Back),19:40,01:20,05h 40m,376,30 Seats available,"2.2
6",Hyderabad to Nirmal,https://www.redbus.in/bus-tickets/hyderabad-to-nirmal
TGSRTC - 8005,Super Luxury (Non AC Seater 2+2 Push Back),21:00,02:45,05h 45m,376,31 Seats available,"3.8
23",Hyderabad to Nirmal,https://www.redbus.in/bus-tickets/hyderabad-to-nirmal
TGSRTC - 7906,Lahari Non A/C Sleeper Cum Seater,21:30,03:10,05h 40m,376,36 Seats available,"4.0
19",Hyderabad to Nirmal,https://www.redbus.in/bus-tickets/hyderabad-to-nirmal
TGSRTC - 1966,Rajdhani (AC Semi Sleeper 2+2),22:00,03:35,05h 35m,456,29 Seats available,"3.5
22",Hyderabad to Nirmal,https://www.redbus.in/bus-tickets/hyderabad-to-nirmal
TGSRTC - 7961,LAHARI A/C SLEEPER CUM SEATER,22:30,04:10,05h 40m,456,45 Seats available,"4.2
22",Hyderabad to Nirmal,https://www.redbus.in/bus-tickets/hyderabad-to-nirmal
Orange Tours And Travels,Bharat Benz A/C Sleeper (2+1),19:00,23:15,04h 15m,700,11 Seats available,3.2,Hyderabad to Nirmal,https://www.redbus.in/bus-tickets/hyderabad-to-nirmal
New Royal Travels (Raipur),A/C Seater / Sleeper (2+1),16:40,20:10,03h 30m,749,28 Seats available,3.0,Hyderabad to Nirmal,https://www.redbus.in/bus-tickets/hyderabad-to-nirmal
New Royal Travels (Raipur),A/C Sleeper (2+1),17:30,21:45,04h 15m,945,26 Seats available,3.0,Hyderabad to Nirmal,https://www.redbus.in/bus-tickets/hyderabad-to-nirmal
GDR Tours and Travels,Bharat Benz A/C Seater (2+2),17:30,21:30,04h 00m,300,22 Seats available,"3.4
75",Hyderabad to Nirmal,https://www.redbus.in/bus-tickets/hyderabad-to-nirmal
Sahara Tours and Travels,Bharat Benz A/C Seater (2+2),18:00,21:45,03h 45m,300,22 Seats available,"3.8
46",Hyderabad to Nirmal,https://www.redbus.in/bus-tickets/hyderabad-to-nirmal
APSRTC - 4612,"SUPER LUXURY (NON-AC, 2 + 2 PUSH BACK)",19:15,04:00,08h 45m,451,8 Seats available,"3.7
51",Hyderabad to Guntur (Andhra Pradesh),https://www.redbus.in/bus-tickets/hyderabad-to-guntur
APSRTC - 4249,"SUPER LUXURY (NON-AC, 2 + 2 PUSH BACK)",19:45,04:20,08h 35m,451,13 Seats available,"4.1
48",Hyderabad to Guntur (Andhra Pradesh),https://www.redbus.in/bus-tickets/hyderabad-to-guntur
APSRTC - 4179,AMARAVATHI (VOLVO / SCANIA A.C Multi Axle),20:30,04:29,07h 59m,767,27 Seats available,"4.2
64",Hyderabad to Guntur (Andhra Pradesh),https://www.redbus.in/bus-tickets/hyderabad-to-guntur
APSRTC - 4189,"SUPER LUXURY (NON-AC, 2 + 2 PUSH BACK)",20:40,04:45,08h 05m,451,5 Seats available, ,Hyderabad to Guntur (Andhra Pradesh),https://www.redbus.in/bus-tickets/hyderabad-to-guntur
APSRTC - 4629,"SUPER LUXURY (NON-AC, 2 + 2 PUSH BACK)",21:00,05:00,08h 00m,451,13 Seats available,"3.6
27",Hyderabad to Guntur (Andhra Pradesh),https://www.redbus.in/bus-tickets/hyderabad-to-guntur
APSRTC - 42443,"SUPER LUXURY (NON-AC, 2 + 2 PUSH BACK)",21:00,05:45,08h 45m,451,8 Seats available,"3.4
65",Hyderabad to Guntur (Andhra Pradesh),https://www.redbus.in/bus-tickets/hyderabad-to-guntur
APSRTC - 4155,INDRA(A.C. Seater),21:10,04:24,07h 14m,545,10 Seats available,"4.2
100",Hyderabad to Guntur (Andhra Pradesh),https://www.redbus.in/bus-tickets/hyderabad-to-guntur
APSRTC - 4619,STAR LINER(NON-AC SLEEPER 2+1),21:20,04:30,07h 10m,626,1 Seat available,"3.9
99",Hyderabad to Guntur (Andhra Pradesh),https://www.redbus.in/bus-tickets/hyderabad-to-guntur
APSRTC - 4199,"SUPER LUXURY (NON-AC, 2 + 2 PUSH BACK)",21:40,06:05,08h 25m,483,6 Seats available,"3.7
58",Hyderabad to Guntur (Andhra Pradesh),https://www.redbus.in/bus-tickets/hyderabad-to-guntur
APSRTC - 4223,INDRA(A.C. Seater),21:45,04:55,07h 10m,545,12 Seats available,"3.7
113",Hyderabad to Guntur (Andhra Pradesh),https://www.redbus.in/bus-tickets/hyderabad-to-guntur
APSRTC - 4621,"SUPER LUXURY (NON-AC, 2 + 2 PUSH BACK)",21:50,05:45,07h 55m,483,4 Seats available,"3.4
58",Hyderabad to Guntur (Andhra Pradesh),https://www.redbus.in/bus-tickets/hyderabad-to-guntur
APSRTC - 4181,STAR LINER(NON-AC SLEEPER 2+1),22:15,05:40,07h 25m,584,3 Seats available,"4.1
53",Hyderabad to Guntur (Andhra Pradesh),https://www.redbus.in/bus-tickets/hyderabad-to-guntur
APSRTC - 4219,AMARAVATHI (VOLVO / SCANIA A.C Multi Axle),22:15,05:05,06h 50m,693,25 Seats available,"3.3
6",Hyderabad to Guntur (Andhra Pradesh),https://www.redbus.in/bus-tickets/hyderabad-to-guntur
APSRTC - 4267,"SUPER LUXURY (NON-AC, 2 + 2 PUSH BACK)",22:15,04:30,06h 15m,451,22 Seats available,"3.7
51",Hyderabad to Guntur (Andhra Pradesh),https://www.redbus.in/bus-tickets/hyderabad-to-guntur
Zingbus Plus,A/C Seater / Sleeper (2+1),23:38,06:50,07h 12m,627,24 Seats available,"4.5
561",Hyderabad to Guntur (Andhra Pradesh),https://www.redbus.in/bus-tickets/hyderabad-to-guntur
NueGo,Electric A/C Seater (2+2),22:35,06:35,08h 00m,664,13 Seats available,"4.5
382",Hyderabad to Guntur (Andhra Pradesh),https://www.redbus.in/bus-tickets/hyderabad-to-guntur
Yolo Bus,A/C Sleeper (2+1),22:31,06:50,08h 19m,790,7 Seats available,"4.8
93",Hyderabad to Guntur (Andhra Pradesh),https://www.redbus.in/bus-tickets/hyderabad-to-guntur
AdIntrCity SmartBus,AC Sleeper (2+1),23:40,06:40,07h 00m,699,16 Seats available,"3.9
409",Hyderabad to Guntur (Andhra Pradesh),https://www.redbus.in/bus-tickets/hyderabad-to-guntur
IntrCity SmartBus,AC Sleeper (2+1),23:10,06:50,07h 40m,709,16 Seats available,"4.5
312",Hyderabad to Guntur (Andhra Pradesh),https://www.redbus.in/bus-tickets/hyderabad-to-guntur
TGSRTC - 7040,e-SUP LUXURY (2+2),16:40,19:40,03h 00m,283,43 Seats available,3.5,Hyderabad to Karimnagar,https://www.redbus.in/bus-tickets/hyderabad-to-karimnagar
TGSRTC - 7376,Super Luxury (Non AC Seater 2+2 Push Back),16:50,20:05,03h 15m,283,30 Seats available,"3.9
14",Hyderabad to Karimnagar,https://www.redbus.in/bus-tickets/hyderabad-to-karimnagar
TGSRTC - 7042,e-SUP LUXURY (2+2),17:20,20:20,03h 00m,283,35 Seats available,3.5,Hyderabad to Karimnagar,https://www.redbus.in/bus-tickets/hyderabad-to-karimnagar
TGSRTC - 7468,RAJDHANI (A.C. Semi Sleeper),17:30,20:40,03h 10m,343,29 Seats available,"3.9
12",Hyderabad to Karimnagar,https://www.redbus.in/bus-tickets/hyderabad-to-karimnagar
TGSRTC - 7331,Super Luxury (Non AC Seater 2+2 Push Back),17:30,21:30,04h 00m,283,23 Seats available,"3.9
28",Hyderabad to Karimnagar,https://www.redbus.in/bus-tickets/hyderabad-to-karimnagar
TGSRTC - 7044,e-SUP LUXURY (2+2),17:40,20:40,03h 00m,283,37 Seats available,3.5,Hyderabad to Karimnagar,https://www.redbus.in/bus-tickets/hyderabad-to-karimnagar
TGSRTC - 7832,RAJDHANI (A.C. Semi Sleeper),18:00,21:00,03h 00m,343,34 Seats available,"3.5
27",Hyderabad to Karimnagar,https://www.redbus.in/bus-tickets/hyderabad-to-karimnagar
TGSRTC - 7046,e-SUP LUXURY (2+2),18:40,21:40,03h 00m,283,31 Seats available,"4.5
7",Hyderabad to Karimnagar,https://www.redbus.in/bus-tickets/hyderabad-to-karimnagar
TGSRTC - 7587,RAJDHANI (A.C. Semi Sleeper),19:00,22:00,03h 00m,343,35 Seats available,"3.1
30",Hyderabad to Karimnagar,https://www.redbus.in/bus-tickets/hyderabad-to-karimnagar
TGSRTC - 7048,e-SUP LUXURY (2+2),19:00,22:00,03h 00m,283,36 Seats available,3.5,Hyderabad to Karimnagar,https://www.redbus.in/bus-tickets/hyderabad-to-karimnagar
TGSRTC - 7315,Super Luxury (Non AC Seater 2+2 Push Back),19:15,22:30,03h 15m,283,24 Seats available,"2.2
10",Hyderabad to Karimnagar,https://www.redbus.in/bus-tickets/hyderabad-to-karimnagar
TGSRTC - 7050,e-SUP LUXURY (2+2),20:00,23:00,03h 00m,283,37 Seats available,3.5,Hyderabad to Karimnagar,https://www.redbus.in/bus-tickets/hyderabad-to-karimnagar
TGSRTC - 7052,e-SUP LUXURY (2+2),20:50,23:50,03h 00m,283,37 Seats available,3.5,Hyderabad to Karimnagar,https://www.redbus.in/bus-tickets/hyderabad-to-karimnagar
TGSRTC - 7354,Super Luxury (Non AC Seater 2+2 Push Back),21:05,00:20,03h 15m,283,28 Seats available,"3.3
7",Hyderabad to Karimnagar,https://www.redbus.in/bus-tickets/hyderabad-to-karimnagar
TGSRTC - 7054,e-SUP LUXURY (2+2),21:30,00:30,03h 00m,283,31 Seats available,"3.9
23",Hyderabad to Karimnagar,https://www.redbus.in/bus-tickets/hyderabad-to-karimnagar
TGSRTC - 7056,e-SUP LUXURY (2+2),22:10,01:10,03h 00m,283,37 Seats available,"2.8
7",Hyderabad to Karimnagar,https://www.redbus.in/bus-tickets/hyderabad-to-karimnagar
TGSRTC - 7358,Super Luxury (Non AC Seater 2+2 Push Back),22:15,01:30,03h 15m,283,31 Seats available,3.5,Hyderabad to Karimnagar,https://www.redbus.in/bus-tickets/hyderabad-to-karimnagar
TGSRTC - 9551,Super Luxury (Non AC Seater 2+2 Push Back),22:15,02:00,03h 45m,283,15 Seats available,3.5,Hyderabad to Karimnagar,https://www.redbus.in/bus-tickets/hyderabad-to-karimnagar
TGSRTC - 7058,e-SUP LUXURY (2+2),22:50,01:50,03h 00m,283,37 Seats available,3.5,Hyderabad to Karimnagar,https://www.redbus.in/bus-tickets/hyderabad-to-karimnagar
TGSRTC - 7144,Super Luxury (Non AC Seater 2+2 Push Back),23:00,03:45,04h 45m,283,33 Seats available,3.5,Hyderabad to Karimnagar,https://www.redbus.in/bus-tickets/hyderabad-to-karimnagar
Bhumi travels,AC Seater (2+2),22:00,03:00,05h 00m,2000,36 Seats available,2.0,Hyderabad to Karimnagar,https://www.redbus.in/bus-tickets/hyderabad-to-karimnagar
Shree Saipooja Travels,A/C Seater/Sleeper (2+1),22:30,02:30,04h 00m,3000,42 Seats available,2.7,Hyderabad to Karimnagar,https://www.redbus.in/bus-tickets/hyderabad-to-karimnagar
TGSRTC - 8796,Rajdhani (AC Semi Sleeper 2+2),16:35,21:30,04h 55m,548,33 Seats available,"2.3
9",Hyderabad to Kothagudem,https://www.redbus.in/bus-tickets/hyderabad-to-kothagudem
TGSRTC - 34336,Super Luxury (Non AC Seater 2+2 Push Back),16:35,22:30,05h 55m,451,31 Seats available,"4.0
11",Hyderabad to Kothagudem,https://www.redbus.in/bus-tickets/hyderabad-to-kothagudem
TGSRTC - 1953,GARUDA PLUS (VOLVO / BENZ A.C Multi Axle),16:45,22:15,05h 30m,548,27 Seats available,"2.4
29",Hyderabad to Kothagudem,https://www.redbus.in/bus-tickets/hyderabad-to-kothagudem
TGSRTC - 8760,Super Luxury (Non AC Seater 2+2 Push Back),17:00,23:30,06h 30m,451,29 Seats available,"4.5
8",Hyderabad to Kothagudem,https://www.redbus.in/bus-tickets/hyderabad-to-kothagudem
TGSRTC - 8869,Super Luxury (Non AC Seater 2+2 Push Back),17:40,23:40,06h 00m,451,1 Seat available,3.7,Hyderabad to Kothagudem,https://www.redbus.in/bus-tickets/hyderabad-to-kothagudem
TGSRTC - 8933,Super Luxury (Non AC Seater 2+2 Push Back),19:15,01:45,06h 30m,451,33 Seats available,3.7,Hyderabad to Kothagudem,https://www.redbus.in/bus-tickets/hyderabad-to-kothagudem
TGSRTC - 7645,Super Luxury (Non AC Seater 2+2 Push Back),19:30,03:40,08h 10m,451,31 Seats available,"3.0
11",Hyderabad to Kothagudem,https://www.redbus.in/bus-tickets/hyderabad-to-kothagudem
TGSRTC - 34340,Rajdhani (AC Semi Sleeper 2+2),19:40,01:40,06h 00m,548,28 Seats available,"3.0
28",Hyderabad to Kothagudem,https://www.redbus.in/bus-tickets/hyderabad-to-kothagudem
TGSRTC - 6906,Deluxe (Non AC Seater 2+2),20:20,02:40,06h 20m,396,34 Seats available,3.7,Hyderabad to Kothagudem,https://www.redbus.in/bus-tickets/hyderabad-to-kothagudem
TGSRTC - 34330,Super Luxury (Non AC Seater 2+2 Push Back),20:40,03:10,06h 30m,451,16 Seats available,"4.6
9",Hyderabad to Kothagudem,https://www.redbus.in/bus-tickets/hyderabad-to-kothagudem
TGSRTC - 8902,Super Luxury (Non AC Seater 2+2 Push Back),20:45,03:30,06h 45m,451,20 Seats available,"4.2
28",Hyderabad to Kothagudem,https://www.redbus.in/bus-tickets/hyderabad-to-kothagudem
TGSRTC - 6909,Deluxe (Non AC Seater 2+2),21:00,03:30,06h 30m,396,35 Seats available,3.7,Hyderabad to Kothagudem,https://www.redbus.in/bus-tickets/hyderabad-to-kothagudem
TGSRTC - 8727,Super Luxury (Non AC Seater 2+2 Push Back),21:15,03:45,06h 30m,451,30 Seats available,"3.7
7",Hyderabad to Kothagudem,https://www.redbus.in/bus-tickets/hyderabad-to-kothagudem
TGSRTC - 8875,Super Luxury (Non AC Seater 2+2 Push Back),21:30,03:45,06h 15m,451,32 Seats available,"4.1
10",Hyderabad to Kothagudem,https://www.redbus.in/bus-tickets/hyderabad-to-kothagudem
TGSRTC - 9984,Lahari Non A/C Sleeper Cum Seater,21:30,04:15,06h 45m,451,23 Seats available,"4.2
49",Hyderabad to Kothagudem,https://www.redbus.in/bus-tickets/hyderabad-to-kothagudem
BSR Tours And Travels,A/C Sleeper (2+1),22:00,04:30,06h 30m,880,3 Seats available,"4.7
153",Hyderabad to Kothagudem,https://www.redbus.in/bus-tickets/hyderabad-to-kothagudem
BSR Tours And Travels,A/C Seater / Sleeper (2+1),22:00,04:30,06h 30m,680,14 Seats available,"4.4
87",Hyderabad to Kothagudem,https://www.redbus.in/bus-tickets/hyderabad-to-kothagudem
SAIRAJ TRAVELS,A/C Sleeper (2+1),22:15,05:00,06h 45m,800,14 Seats available,"4.5
57",Hyderabad to Kothagudem,https://www.redbus.in/bus-tickets/hyderabad-to-kothagudem
Bharathi Tours & Travels,Non A/C Seater / Sleeper (2+1),21:20,05:30,08h 10m,494,21 Seats available,"4.3
69",Hyderabad to Kothagudem,https://www.redbus.in/bus-tickets/hyderabad-to-kothagudem
Bharathi Tours & Travels,Non A/C Seater / Sleeper (2+1),22:35,05:55,07h 20m,494,19 Seats available,"4.3
60",Hyderabad to Kothagudem,https://www.redbus.in/bus-tickets/hyderabad-to-kothagudem
TGSRTC - 34336,Super Luxury (Non AC Seater 2+2 Push Back),16:35,23:30,06h 55m,517,30 Seats available,"3.9
12",Hyderabad to Bhadrachalam,https://www.redbus.in/bus-tickets/hyderabad-to-bhadrachalam
TGSRTC - 1953,GARUDA PLUS (VOLVO / BENZ A.C Multi Axle),16:45,23:00,06h 15m,627,30 Seats available,"4.0
32",Hyderabad to Bhadrachalam,https://www.redbus.in/bus-tickets/hyderabad-to-bhadrachalam
TGSRTC - 8760,Super Luxury (Non AC Seater 2+2 Push Back),17:00,00:30,07h 30m,517,29 Seats available,3.8,Hyderabad to Bhadrachalam,https://www.redbus.in/bus-tickets/hyderabad-to-bhadrachalam
TGSRTC - 7645,Super Luxury (Non AC Seater 2+2 Push Back),19:30,04:45,09h 15m,517,14 Seats available,"3.7
19",Hyderabad to Bhadrachalam,https://www.redbus.in/bus-tickets/hyderabad-to-bhadrachalam
TGSRTC - 34340,RAJDHANI (A.C. Semi Sleeper),19:40,02:40,07h 00m,627,20 Seats available,"3.3
48",Hyderabad to Bhadrachalam,https://www.redbus.in/bus-tickets/hyderabad-to-bhadrachalam
TGSRTC - 34330,Super Luxury (Non AC Seater 2+2 Push Back),20:40,04:10,07h 30m,517,18 Seats available,"4.5
37",Hyderabad to Bhadrachalam,https://www.redbus.in/bus-tickets/hyderabad-to-bhadrachalam
TGSRTC - 8727,Super Luxury (Non AC Seater 2+2 Push Back),21:15,04:45,07h 30m,517,24 Seats available,"4.7
65",Hyderabad to Bhadrachalam,https://www.redbus.in/bus-tickets/hyderabad-to-bhadrachalam
TGSRTC - 8729,Super Luxury (Non AC Seater 2+2 Push Back),21:45,05:00,07h 15m,517,13 Seats available,"3.7
61",Hyderabad to Bhadrachalam,https://www.redbus.in/bus-tickets/hyderabad-to-bhadrachalam
TGSRTC - 34332,LAHARI A/C SLEEPER CUM SEATER,22:00,05:00,07h 00m,627,6 Seats available,"4.7
23",Hyderabad to Bhadrachalam,https://www.redbus.in/bus-tickets/hyderabad-to-bhadrachalam
TGSRTC - 8725,Super Luxury (Non AC Seater 2+2 Push Back),23:00,06:15,07h 15m,517,15 Seats available,"4.2
9",Hyderabad to Bhadrachalam,https://www.redbus.in/bus-tickets/hyderabad-to-bhadrachalam
Bharathi Tours & Travels,A/C Sleeper (2+1),22:35,05:50,07h 15m,764,15 Seats available,"4.7
98",Hyderabad to Bhadrachalam,https://www.redbus.in/bus-tickets/hyderabad-to-bhadrachalam
BSR Tours And Travels,A/C Seater / Sleeper (2+1),22:00,05:30,07h 30m,680,14 Seats available,"4.7
268",Hyderabad to Bhadrachalam,https://www.redbus.in/bus-tickets/hyderabad-to-bhadrachalam
BSR Tours And Travels,A/C Sleeper (2+1),22:00,05:30,07h 30m,880,3 Seats available,"4.6
299",Hyderabad to Bhadrachalam,https://www.redbus.in/bus-tickets/hyderabad-to-bhadrachalam
SAIRAJ TRAVELS,A/C Sleeper (2+1),22:15,05:45,07h 30m,800,14 Seats available,"4.5
121",Hyderabad to Bhadrachalam,https://www.redbus.in/bus-tickets/hyderabad-to-bhadrachalam
VSR Tours and Travels,A/C Sleeper (2+1),23:00,05:30,06h 30m,764,9 Seats available,"4.3
67",Hyderabad to Bhadrachalam,https://www.redbus.in/bus-tickets/hyderabad-to-bhadrachalam
TGSRTC - 64828,Super Luxury (Non AC Seater 2+2 Push Back),16:50,22:50,06h 00m,453,26 Seats available,"2.3
7",Hyderabad to Sathupally,https://www.redbus.in/bus-tickets/hyderabad-to-sathupalli
TGSRTC - 2492,Super Luxury (Non AC Seater 2+2 Push Back),17:30,01:30,08h 00m,456,30 Seats available,3.9,Hyderabad to Sathupally,https://www.redbus.in/bus-tickets/hyderabad-to-sathupalli
TGSRTC - 64363,Super Luxury (Non AC Seater 2+2 Push Back),17:50,23:55,06h 05m,453,27 Seats available,"2.3
5",Hyderabad to Sathupally,https://www.redbus.in/bus-tickets/hyderabad-to-sathupalli
TGSRTC - 2415,Super Luxury (Non AC Seater 2+2 Push Back),18:40,03:40,09h 00m,456,13 Seats available,3.9,Hyderabad to Sathupally,https://www.redbus.in/bus-tickets/hyderabad-to-sathupalli
TGSRTC - 64341,Super Luxury (Non AC Seater 2+2 Push Back),20:50,04:55,08h 05m,453,16 Seats available,"4.2
49",Hyderabad to Sathupally,https://www.redbus.in/bus-tickets/hyderabad-to-sathupalli
TGSRTC - 8825,Super Luxury (Non AC Seater 2+2 Push Back),21:00,04:30,07h 30m,453,22 Seats available,"4.6
24",Hyderabad to Sathupally,https://www.redbus.in/bus-tickets/hyderabad-to-sathupalli
TGSRTC - 8856,RAJDHANI (A.C. Semi Sleeper),21:00,04:40,07h 40m,550,29 Seats available,"3.9
31",Hyderabad to Sathupally,https://www.redbus.in/bus-tickets/hyderabad-to-sathupalli
TGSRTC - 8848,Super Luxury (Non AC Seater 2+2 Push Back),21:20,04:50,07h 30m,453,8 Seats available,"4.2
46",Hyderabad to Sathupally,https://www.redbus.in/bus-tickets/hyderabad-to-sathupalli
TGSRTC - 8886,Lahari Non A/C Sleeper Cum Seater,21:30,05:00,07h 30m,453,12 Seats available,"4.3
90",Hyderabad to Sathupally,https://www.redbus.in/bus-tickets/hyderabad-to-sathupalli
TGSRTC - 64864,Super Luxury (Non AC Seater 2+2 Push Back),21:40,03:50,06h 10m,453,28 Seats available,"4.6
27",Hyderabad to Sathupally,https://www.redbus.in/bus-tickets/hyderabad-to-sathupalli
TGSRTC - 64832,RAJDHANI (A.C. Semi Sleeper),22:00,05:25,07h 25m,550,25 Seats available,"3.4
36",Hyderabad to Sathupally,https://www.redbus.in/bus-tickets/hyderabad-to-sathupalli
TGSRTC - 64827,Super Luxury (Non AC Seater 2+2 Push Back),22:15,06:00,07h 45m,453,4 Seats available,"4.2
41",Hyderabad to Sathupally,https://www.redbus.in/bus-tickets/hyderabad-to-sathupalli
Sri Venkateswara Travels,Non A/C Seater / Sleeper (2+1),22:30,05:00,06h 30m,500,17 Seats available,"4.4
120",Hyderabad to Sathupally,https://www.redbus.in/bus-tickets/hyderabad-to-sathupalli
BSR Tours And Travels,NON A/C Seater (2+2),22:00,05:00,07h 00m,450,16 Seats available,"4.2
274",Hyderabad to Sathupally,https://www.redbus.in/bus-tickets/hyderabad-to-sathupalli
Mozo travels,A/C Seater / Sleeper (2+1),22:40,05:05,06h 25m,610,7 Seats available,"4.5
79",Hyderabad to Sathupally,https://www.redbus.in/bus-tickets/hyderabad-to-sathupalli
Mythri Tours And Travels,A/C Sleeper (2+1),23:00,04:15,05h 15m,909,10 Seats available,"4.9
27",Hyderabad to Sathupally,https://www.redbus.in/bus-tickets/hyderabad-to-sathupalli
Bharathi Tours & Travels,Non A/C Seater / Sleeper (2+1),21:20,05:00,07h 40m,441,18 Seats available,"3.7
65",Hyderabad to Sathupally,https://www.redbus.in/bus-tickets/hyderabad-to-sathupalli
TGSRTC - 2855,Lahari A/C sleeper,16:35,05:45,13h 10m,1200,1 Seat available,"3.1
15",Hyderabad to Tirupati,https://www.redbus.in/bus-tickets/hyderabad-to-tirupathi
TGSRTC - 9595,Lahari A/C sleeper,16:35,05:40,13h 05m,1114,2 Seats available,"3.6
59",Hyderabad to Tirupati,https://www.redbus.in/bus-tickets/hyderabad-to-tirupathi
TGSRTC - 7649,Super Luxury (Non AC Seater 2+2 Push Back),16:40,05:30,12h 50m,732,10 Seats available,"4.4
23",Hyderabad to Tirupati,https://www.redbus.in/bus-tickets/hyderabad-to-tirupathi
TGSRTC - 2474,Super Luxury (Non AC Seater 2+2 Push Back),16:40,04:00,11h 20m,732,14 Seats available,"3.1
33",Hyderabad to Tirupati,https://www.redbus.in/bus-tickets/hyderabad-to-tirupathi
TGSRTC - 1759,Super Luxury (Non AC Seater 2+2 Push Back),16:45,05:50,13h 05m,732,7 Seats available,"4.1
24",Hyderabad to Tirupati,https://www.redbus.in/bus-tickets/hyderabad-to-tirupathi
TGSRTC - 7452,Super Luxury (Non AC Seater 2+2 Push Back),17:00,04:30,11h 30m,732,8 Seats available,"4.0
15",Hyderabad to Tirupati,https://www.redbus.in/bus-tickets/hyderabad-to-tirupathi
TGSRTC - 2765,Super Luxury (Non AC Seater 2+2 Push Back),17:15,06:30,13h 15m,764,8 Seats available,"4.5
10",Hyderabad to Tirupati,https://www.redbus.in/bus-tickets/hyderabad-to-tirupathi
TGSRTC - 9681,Lahari A/C sleeper,17:30,05:25,11h 55m,1250,2 Seats available,"2.7
9",Hyderabad to Tirupati,https://www.redbus.in/bus-tickets/hyderabad-to-tirupathi
TGSRTC - 1453,Super Luxury (Non AC Seater 2+2 Push Back),17:30,05:00,11h 30m,732,10 Seats available,"3.9
31",Hyderabad to Tirupati,https://www.redbus.in/bus-tickets/hyderabad-to-tirupathi
TGSRTC - 7694,LAHARI A/C SLEEPER CUM SEATER,17:30,04:40,11h 10m,784,2 Seats available,"3.6
45",Hyderabad to Tirupati,https://www.redbus.in/bus-tickets/hyderabad-to-tirupathi
TGSRTC - 2014,Super Luxury (Non AC Seater 2+2 Push Back),17:30,05:45,12h 15m,732,3 Seats available,"3.3
16",Hyderabad to Tirupati,https://www.redbus.in/bus-tickets/hyderabad-to-tirupathi
TGSRTC - 8261,RAJDHANI (A.C. Semi Sleeper),17:45,04:45,11h 00m,776,5 Seats available,"2.9
54",Hyderabad to Tirupati,https://www.redbus.in/bus-tickets/hyderabad-to-tirupathi
TGSRTC - 8454,Super Luxury (Non AC Seater 2+2 Push Back),19:45,08:00,12h 15m,780,9 Seats available,"2.3
7",Hyderabad to Tirupati,https://www.redbus.in/bus-tickets/hyderabad-to-tirupathi
TGSRTC - 1498,Super Luxury (Non AC Seater 2+2 Push Back),20:00,07:30,11h 30m,732,7 Seats available,"3.8
42",Hyderabad to Tirupati,https://www.redbus.in/bus-tickets/hyderabad-to-tirupathi
TGSRTC - 2469,Super Luxury (Non AC Seater 2+2 Push Back),21:00,09:45,12h 45m,764,7 Seats available,"4.3
14",Hyderabad to Tirupati,https://www.redbus.in/bus-tickets/hyderabad-to-tirupathi
Jagan Travels,A/C Seater / Sleeper (2+1),22:00,09:30,11h 30m,700,10 Seats available,"4.4
375",Hyderabad to Tirupati,https://www.redbus.in/bus-tickets/hyderabad-to-tirupathi
Zingbus Plus,A/C Sleeper (2+1),22:30,09:15,10h 45m,944,18 Seats available,"4.6
340",Hyderabad to Tirupati,https://www.redbus.in/bus-tickets/hyderabad-to-tirupathi
Ramana Tours And Travels,A/C Sleeper (2+1),20:30,07:50,11h 20m,1036,7 Seats available,"4.6
717",Hyderabad to Tirupati,https://www.redbus.in/bus-tickets/hyderabad-to-tirupathi
AdJagan Travels,Mercedes Benz Multi-Axle A/C Sleeper (2+1),18:30,05:15,10h 45m,1436,4 Seats available,"3.9
445",Hyderabad to Tirupati,https://www.redbus.in/bus-tickets/hyderabad-to-tirupathi
Zingbus Plus,A/C Sleeper (2+1),20:50,07:50,11h 00m,1096,5 Seats available,"4.6
674",Hyderabad to Tirupati,https://www.redbus.in/bus-tickets/hyderabad-to-tirupathi
APSRTC - 66310,"SUPER LUXURY (NON-AC, 2 + 2 PUSH BACK)",19:00,04:00,09h 00m,616,31 Seats available,"4.6
4",Hyderabad to Anantapur (andhra pradesh),https://www.redbus.in/bus-tickets/hyderabad-to-ananthapur
APSRTC - 6926,"SUPER LUXURY (NON-AC, 2 + 2 PUSH BACK)",19:00,05:30,10h 30m,616,31 Seats available,"3.9
42",Hyderabad to Anantapur (andhra pradesh),https://www.redbus.in/bus-tickets/hyderabad-to-ananthapur
APSRTC - 5692,STAR LINER(NON-AC SLEEPER 2+1),19:15,04:00,08h 45m,798,5 Seats available,"4.1
50",Hyderabad to Anantapur (andhra pradesh),https://www.redbus.in/bus-tickets/hyderabad-to-ananthapur
APSRTC - 6893,"SUPER LUXURY (NON-AC, 2 + 2 PUSH BACK)",19:40,06:15,10h 35m,616,18 Seats available,"3.6
23",Hyderabad to Anantapur (andhra pradesh),https://www.redbus.in/bus-tickets/hyderabad-to-ananthapur
APSRTC - 6835,"SUPER LUXURY (NON-AC, 2 + 2 PUSH BACK)",19:45,04:55,09h 10m,616,28 Seats available,"4.2
32",Hyderabad to Anantapur (andhra pradesh),https://www.redbus.in/bus-tickets/hyderabad-to-ananthapur
APSRTC - 6646,"SUPER LUXURY (NON-AC, 2 + 2 PUSH BACK)",20:00,04:10,08h 10m,584,32 Seats available,"3.7
30",Hyderabad to Anantapur (andhra pradesh),https://www.redbus.in/bus-tickets/hyderabad-to-ananthapur
APSRTC - 66330,"SUPER LUXURY (NON-AC, 2 + 2 PUSH BACK)",20:15,05:30,09h 15m,616,30 Seats available,"3.1
28",Hyderabad to Anantapur (andhra pradesh),https://www.redbus.in/bus-tickets/hyderabad-to-ananthapur
APSRTC - 6806,"SUPER LUXURY (NON-AC, 2 + 2 PUSH BACK)",20:30,06:30,10h 00m,616,18 Seats available,"4.7
20",Hyderabad to Anantapur (andhra pradesh),https://www.redbus.in/bus-tickets/hyderabad-to-ananthapur
APSRTC - 6855,INDRA(A.C. Seater),20:30,05:45,09h 15m,745,36 Seats available,"4.4
50",Hyderabad to Anantapur (andhra pradesh),https://www.redbus.in/bus-tickets/hyderabad-to-ananthapur
APSRTC - 6735,"SUPER LUXURY (NON-AC, 2 + 2 PUSH BACK)",20:45,06:00,09h 15m,616,28 Seats available,"3.7
26",Hyderabad to Anantapur (andhra pradesh),https://www.redbus.in/bus-tickets/hyderabad-to-ananthapur
APSRTC - 53549,"SUPER LUXURY (NON-AC, 2 + 2 PUSH BACK)",21:00,04:00,07h 00m,584,18 Seats available,"4.2
24",Hyderabad to Anantapur (andhra pradesh),https://www.redbus.in/bus-tickets/hyderabad-to-ananthapur
APSRTC - 6831,"SUPER LUXURY (NON-AC, 2 + 2 PUSH BACK)",21:15,06:25,09h 10m,616,27 Seats available,"4.2
46",Hyderabad to Anantapur (andhra pradesh),https://www.redbus.in/bus-tickets/hyderabad-to-ananthapur
APSRTC - 6833,INDRA(A.C. Seater),21:30,06:00,08h 30m,745,27 Seats available,"4.4
71",Hyderabad to Anantapur (andhra pradesh),https://www.redbus.in/bus-tickets/hyderabad-to-ananthapur
APSRTC - 66441,"SUPER LUXURY (NON-AC, 2 + 2 PUSH BACK)",21:30,06:40,09h 10m,616,23 Seats available,"3.6
21",Hyderabad to Anantapur (andhra pradesh),https://www.redbus.in/bus-tickets/hyderabad-to-ananthapur
APSRTC - 6950,"SUPER LUXURY (NON-AC, 2 + 2 PUSH BACK)",21:45,07:15,09h 30m,616,16 Seats available,"2.6
38",Hyderabad to Anantapur (andhra pradesh),https://www.redbus.in/bus-tickets/hyderabad-to-ananthapur
Madhavi Travels,A/C Seater / Sleeper (2+1),22:10,06:10,08h 00m,599,21 Seats available,"4.4
126",Hyderabad to Anantapur (andhra pradesh),https://www.redbus.in/bus-tickets/hyderabad-to-ananthapur
Sri Balaji Transports,A/C Seater / Sleeper (2+1),21:25,05:45,08h 20m,650,17 Seats available,"4.4
291",Hyderabad to Anantapur (andhra pradesh),https://www.redbus.in/bus-tickets/hyderabad-to-ananthapur
Sree sivasankar Travels,NON A/C Seater (2+2),21:30,06:22,08h 52m,500,23 Seats available,"4.3
201",Hyderabad to Anantapur (andhra pradesh),https://www.redbus.in/bus-tickets/hyderabad-to-ananthapur
AdMeena tours and travels,A/C Seater / Sleeper (2+1),22:45,05:45,07h 00m,990,6 Seats available,"3.9
80",Hyderabad to Anantapur (andhra pradesh),https://www.redbus.in/bus-tickets/hyderabad-to-ananthapur
KK Travels,Non A/C Seater / Sleeper (2+1),22:20,06:20,08h 00m,550,17 Seats available,"4.0
129",Hyderabad to Anantapur (andhra pradesh),https://www.redbus.in/bus-tickets/hyderabad-to-ananthapur
TGSRTC - 7248,Super Luxury (Non AC Seater 2+2 Push Back),17:00,21:15,04h 15m,347,22 Seats available,"4.3
9",Peddapalli (Telangana) to Hyderabad,https://www.redbus.in/bus-tickets/peddapalli-telangana-to-hyderabad
TGSRTC - 7290,LAHARI A/C SLEEPER CUM SEATER,17:50,21:40,03h 50m,420,26 Seats available,"3.4
19",Peddapalli (Telangana) to Hyderabad,https://www.redbus.in/bus-tickets/peddapalli-telangana-to-hyderabad
TGSRTC - 7100,Super Luxury (Non AC Seater 2+2 Push Back),21:30,02:00,04h 30m,347,31 Seats available,"4.4
5",Peddapalli (Telangana) to Hyderabad,https://www.redbus.in/bus-tickets/peddapalli-telangana-to-hyderabad
TGSRTC - 9508,RAJDHANI (A.C. Semi Sleeper),22:55,04:30,0-19h 0-25m,420,35 Seats available,"2.6
4",Peddapalli (Telangana) to Hyderabad,https://www.redbus.in/bus-tickets/peddapalli-telangana-to-hyderabad
TGSRTC - 7266,Super Luxury (Non AC Seater 2+2 Push Back),23:00,03:20,04h 20m,347,27 Seats available,"3.1
14",Peddapalli (Telangana) to Hyderabad,https://www.redbus.in/bus-tickets/peddapalli-telangana-to-hyderabad
TGSRTC - 7190,Super Luxury (Non AC Seater 2+2 Push Back),23:30,03:45,04h 15m,347,31 Seats available,"2.7
6",Peddapalli (Telangana) to Hyderabad,https://www.redbus.in/bus-tickets/peddapalli-telangana-to-hyderabad
TGSRTC - 9512,RAJDHANI (A.C. Semi Sleeper),23:40,03:35,03h 55m,420,34 Seats available,"2.7
7",Peddapalli (Telangana) to Hyderabad,https://www.redbus.in/bus-tickets/peddapalli-telangana-to-hyderabad
TGSRTC - 7308,RAJDHANI (A.C. Semi Sleeper),23:40,03:30,03h 50m,420,35 Seats available,"4.5
5",Peddapalli (Telangana) to Hyderabad,https://www.redbus.in/bus-tickets/peddapalli-telangana-to-hyderabad
TGSRTC - 7192,Super Luxury (Non AC Seater 2+2 Push Back),23:59,04:20,04h 21m,347,27 Seats available,"4.9
11",Peddapalli (Telangana) to Hyderabad,https://www.redbus.in/bus-tickets/peddapalli-telangana-to-hyderabad
Morning Star Travels,Volvo Multi Axle B9R A/C Sleeper (2+1),17:00,21:55,04h 55m,600,16 Seats available,2.7,Peddapalli (Telangana) to Hyderabad,https://www.redbus.in/bus-tickets/peddapalli-telangana-to-hyderabad
APSRTC - 3861,INDRA(A.C. Seater),20:00,01:15,05h 15m,345,39 Seats available,3.8,Hyderabad to Kodad,https://www.redbus.in/bus-tickets/hyderabad-to-kodad
APSRTC - 3622,"SUPER LUXURY (NON-AC, 2 + 2 PUSH BACK)",20:00,01:00,05h 00m,286,7 Seats available,"2.0
6",Hyderabad to Kodad,https://www.redbus.in/bus-tickets/hyderabad-to-kodad
APSRTC - 3883,"SUPER LUXURY (NON-AC, 2 + 2 PUSH BACK)",20:50,00:50,04h 00m,286,23 Seats available,"4.0
17",Hyderabad to Kodad,https://www.redbus.in/bus-tickets/hyderabad-to-kodad
APSRTC - 35136,INDRA(A.C. Seater),21:45,02:15,04h 30m,345,37 Seats available,3.8,Hyderabad to Kodad,https://www.redbus.in/bus-tickets/hyderabad-to-kodad
APSRTC - 35120,INDRA(A.C. Seater),22:00,03:20,05h 20m,345,26 Seats available,"3.5
11",Hyderabad to Kodad,https://www.redbus.in/bus-tickets/hyderabad-to-kodad
APSRTC - 3917,"SUPER LUXURY (NON-AC, 2 + 2 PUSH BACK)",22:00,02:30,04h 30m,286,4 Seats available,"4.5
10",Hyderabad to Kodad,https://www.redbus.in/bus-tickets/hyderabad-to-kodad
APSRTC - 3560,INDRA(A.C. Seater),22:30,02:30,04h 00m,385,34 Seats available,3.8,Hyderabad to Kodad,https://www.redbus.in/bus-tickets/hyderabad-to-kodad
NueGo,Electric A/C Seater (2+2),16:40,20:25,03h 45m,332,1 Seat available,"4.8
8",Hyderabad to Kodad,https://www.redbus.in/bus-tickets/hyderabad-to-kodad
SVR Tours and Travels,A/C Seater / Sleeper (2+1),16:40,22:30,05h 50m,580,28 Seats available,3.4,Hyderabad to Kodad,https://www.redbus.in/bus-tickets/hyderabad-to-kodad
SVR Tours and Travels,Volvo Multi-Axle A/C Sleeper (2+1),16:40,22:30,05h 50m,730,26 Seats available,3.4,Hyderabad to Kodad,https://www.redbus.in/bus-tickets/hyderabad-to-kodad
NueGo,Electric A/C Seater (2+2),16:45,21:15,04h 30m,379,1 Seat available,"4.6
12",Hyderabad to Kodad,https://www.redbus.in/bus-tickets/hyderabad-to-kodad
Sri KVR Travels,Non A/C Seater / Sleeper (2+1),17:00,21:35,04h 35m,750,13 Seats available,4.1,Hyderabad to Kodad,https://www.redbus.in/bus-tickets/hyderabad-to-kodad
